{"file_hashes":[{"block_hashes":["v+Z7JJfAAGiV/5+n+BMneGvpx497Yr8tRDGkwqFytSw="],"block_size":4096,"path":"background.js"},{"block_hashes":["KKCvUpCsAd9FmpxdjAvuPVTlhW0g8CFFebRrT0ESPD8="],"block_size":4096,"path":"content.js"},{"block_hashes":["0qMoQEIUluhyreWRYY0vpcM3l2BdGuwEMBcX5akHV9A="],"block_size":4096,"path":"modulepreload-polyfill.js"},{"block_hashes":["7/LEig3DqUSZncThUQ6YzE8QOvuXDoWH1DvfP81V7TY=","gfgzD20Vab0LhrNy75zVTtI18UHQTxr7PU7HiWKhB5U="],"block_size":4096,"path":"options.html"},{"block_hashes":["9R5tykaIw0zyWCPlTN2tZFe+0fmWXcbUJyYOY571FZI="],"block_size":4096,"path":"options.js"},{"block_hashes":["/iVcb5QCXiWKtJDr0s/Ryelnn7asP3sx/6peh7gORRU=","7kejVMYPUyLLHaU/7vg9vVebozXexDbWx7i/ahzMcdk="],"block_size":4096,"path":"panda.png"},{"block_hashes":["Kh1ShsYBnltKZg4ctut/GHrDHLT4lJamSEwjBg3Ptc8="],"block_size":4096,"path":"popup.html"},{"block_hashes":["ssVUB8uUVluMF7B+aoA/I3ePs9USvDJtEhsI0kL889g="],"block_size":4096,"path":"popup.js"}],"version":2}