{
    "content_hashes": [
        {
            "block_size": 4096,
            "digest": "sha256",
            "files": [
                {
                    "path": "_locales/ar/messages.json",
                    "root_hash": "jbbF9Iijah7j-gRs1OWZYCkjv5c5AFbJZ0neM0AneXg"
                },
                {
                    "path": "_locales/de/messages.json",
                    "root_hash": "PzHHSKYj37NSP16yPSrwgEEi9Sf2b-01Y0KxhwJXOkc"
                },
                {
                    "path": "_locales/en/messages.json",
                    "root_hash": "muBZocjh0NoKNKgsgLKd9LAqnhTKWvIBOCYNBWJ4h38"
                },
                {
                    "path": "_locales/es/messages.json",
                    "root_hash": "9sgT48xUqI-SHqBDC71iiiTa-nHyhE8bc_fS0xmJG4M"
                },
                {
                    "path": "_locales/id/messages.json",
                    "root_hash": "x_EUnbD0AuAKd__nNMqJB4MvhVolPxd1YylQPbZ-J8Y"
                },
                {
                    "path": "_locales/ko/messages.json",
                    "root_hash": "eqGjW__kPSvyriKaM8EPm1tIpRT4FiJhbbQdiplxl2A"
                },
                {
                    "path": "_locales/ru/messages.json",
                    "root_hash": "du65CGhCEAUjyC02dt_LrfLWJENsD8nRQ3H6apBqciU"
                },
                {
                    "path": "_locales/zh_CN/messages.json",
                    "root_hash": "p90-NcdAu7rfm3H9JZXWvInQXaydugxTFrjvDKInKCE"
                },
                {
                    "path": "background.js",
                    "root_hash": "v-Z7JJfAAGiV_5-n-BMneGvpx497Yr8tRDGkwqFytSw"
                },
                {
                    "path": "content.js",
                    "root_hash": "KKCvUpCsAd9FmpxdjAvuPVTlhW0g8CFFebRrT0ESPD8"
                },
                {
                    "path": "icons/PaperPanda-Icon-1024.png",
                    "root_hash": "olC_xkyve2GNJ4FfiOQoGwTr1oJUZ9hQ-uPnXsmE3-E"
                },
                {
                    "path": "icons/PaperPanda-Icon-128.png",
                    "root_hash": "iPTlCzQrakAoRYyPEqA8KVs_xcfWhDG5iSgqAAn50u8"
                },
                {
                    "path": "icons/PaperPanda-Icon-16.png",
                    "root_hash": "OPRYJ7sPJ0h18NG8grSMwynxxuCWiho0MZZPS7n44jQ"
                },
                {
                    "path": "icons/PaperPanda-Icon-256.png",
                    "root_hash": "g1uC22AQlYcdjvb_3WWOim-ZID6U6pKOiL64yz33OI0"
                },
                {
                    "path": "icons/PaperPanda-Icon-32.png",
                    "root_hash": "_I0BX4K08Ono8sV3V1kGk0oBua30Rz7fLH31b7FElUs"
                },
                {
                    "path": "icons/PaperPanda-Icon-48.png",
                    "root_hash": "JQot2UUQSoYNCQYgy5kNd_viRWh4iu5gOE6oLIou6P8"
                },
                {
                    "path": "icons/PaperPanda-Icon-512.png",
                    "root_hash": "bFltgA9KIL2iOM9W4Xe23q6XVCb1NeQ1-ZZfTCsld1Q"
                },
                {
                    "path": "icons/PaperPanda-Icon-64.png",
                    "root_hash": "a4aqX8oghzP1d4IS37m_32whDb3XVQMlLG7Wt5fY044"
                },
                {
                    "path": "icons/PaperPanda-Icon-96.png",
                    "root_hash": "mV8b4Ce4ZpJU0YPSrpdWQk__dvdvdLxaAt-3h878Sgo"
                },
                {
                    "path": "manifest.json",
                    "root_hash": "VY_dJgW3v2waIjK_7NVEoVABxJNBtCVEt_UXhrYJVoY"
                },
                {
                    "path": "modulepreload-polyfill.js",
                    "root_hash": "0qMoQEIUluhyreWRYY0vpcM3l2BdGuwEMBcX5akHV9A"
                },
                {
                    "path": "options.html",
                    "root_hash": "1bLCF-HUmJlZDM6EjtJM8kNmYIW0RGdg1LwLKuf2Tcg"
                },
                {
                    "path": "options.js",
                    "root_hash": "9R5tykaIw0zyWCPlTN2tZFe-0fmWXcbUJyYOY571FZI"
                },
                {
                    "path": "panda.png",
                    "root_hash": "ZvB5Qh_XvtAZlIjtZ080wMHMgHHiLrgnxjNcCv4XRHA"
                },
                {
                    "path": "popup.html",
                    "root_hash": "Kh1ShsYBnltKZg4ctut_GHrDHLT4lJamSEwjBg3Ptc8"
                },
                {
                    "path": "popup.js",
                    "root_hash": "ssVUB8uUVluMF7B-aoA_I3ePs9USvDJtEhsI0kL889g"
                }
            ],
            "format": "treehash",
            "hash_block_size": 4096
        }
    ],
    "item_id": "ggjlkinaanncojaippgbndimlhcdlohf",
    "item_version": "2.1.6",
    "protocol_version": 1
}